-- phpMyAdmin SQL Dump
-- version 5.2.1
-- https://www.phpmyadmin.net/
--
-- Hôte : 127.0.0.1:3306
-- Généré le : mar. 15 juil. 2025 à 19:08
-- Version du serveur : 10.6.21-MariaDB
-- Version de PHP : 7.4.33

SET SQL_MODE = "NO_AUTO_VALUE_ON_ZERO";
START TRANSACTION;
SET time_zone = "+00:00";


/*!40101 SET @OLD_CHARACTER_SET_CLIENT=@@CHARACTER_SET_CLIENT */;
/*!40101 SET @OLD_CHARACTER_SET_RESULTS=@@CHARACTER_SET_RESULTS */;
/*!40101 SET @OLD_COLLATION_CONNECTION=@@COLLATION_CONNECTION */;
/*!40101 SET NAMES utf8mb4 */;

--
-- Base de données : `punkrecords`
--
CREATE DATABASE IF NOT EXISTS `punkrecords` DEFAULT CHARACTER SET latin1 COLLATE latin1_swedish_ci;
USE `punkrecords`;

-- --------------------------------------------------------

--
-- Structure de la table `auteur`
--

CREATE TABLE `auteur` (
  `id_auteur` int(11) NOT NULL,
  `nom` varchar(100) DEFAULT NULL,
  `prenom` varchar(100) DEFAULT NULL,
  `date_naissance` date DEFAULT NULL,
  `presentation` text DEFAULT NULL
) ENGINE=MyISAM DEFAULT CHARSET=utf8mb4 COLLATE=utf8mb4_general_ci;

--
-- Déchargement des données de la table `auteur`
--

INSERT INTO `auteur` (`id_auteur`, `nom`, `prenom`, `date_naissance`, `presentation`) VALUES
(1, 'Oda', 'Eiichiro', '1975-01-01', 'Auteur de One Piece.'),
(2, 'Kishimoto', 'Masashi', '1974-11-08', 'Auteur de Naruto.'),
(3, 'Isayama', 'Hajime', '1986-08-29', 'Auteur de L\'Attaque des Titans.');

-- --------------------------------------------------------

--
-- Structure de la table `catalogue_utilisateur`
--

CREATE TABLE `catalogue_utilisateur` (
  `num_utilisateur` int(11) NOT NULL,
  `id_manga` int(11) NOT NULL
) ENGINE=MyISAM DEFAULT CHARSET=utf8mb4 COLLATE=utf8mb4_general_ci;

--
-- Déchargement des données de la table `catalogue_utilisateur`
--

INSERT INTO `catalogue_utilisateur` (`num_utilisateur`, `id_manga`) VALUES
(2, 1),
(2, 2),
(2, 3),
(3, 3),
(4, 1),
(4, 3);

-- --------------------------------------------------------

--
-- Structure de la table `chapitre`
--

CREATE TABLE `chapitre` (
  `id_chapitre` int(11) NOT NULL,
  `id_manga` int(11) NOT NULL,
  `numero_chapitre` int(11) NOT NULL
) ENGINE=MyISAM DEFAULT CHARSET=utf8mb4 COLLATE=utf8mb4_general_ci;

--
-- Déchargement des données de la table `chapitre`
--

INSERT INTO `chapitre` (`id_chapitre`, `id_manga`, `numero_chapitre`) VALUES
(1, 3, 1),
(2, 3, 2),
(3, 3, 3),
(4, 3, 4),
(5, 3, 5),
(6, 3, 6),
(7, 3, 7),
(8, 3, 8),
(9, 3, 9),
(10, 3, 10),
(11, 3, 11),
(12, 3, 12),
(13, 3, 13),
(14, 3, 14),
(15, 3, 15),
(16, 3, 16),
(17, 3, 17),
(18, 3, 18),
(19, 3, 19),
(20, 3, 20),
(21, 3, 21),
(22, 3, 22),
(23, 3, 23),
(24, 3, 24),
(25, 3, 25),
(26, 3, 26),
(27, 3, 27),
(28, 3, 28),
(29, 3, 29),
(30, 3, 30),
(31, 3, 31),
(32, 3, 32),
(33, 3, 33),
(34, 3, 34),
(35, 3, 35),
(36, 3, 36),
(37, 3, 37),
(38, 3, 38),
(39, 3, 39),
(40, 3, 40),
(41, 3, 41),
(42, 3, 42),
(43, 3, 43),
(44, 3, 44),
(45, 3, 45),
(46, 3, 46),
(47, 3, 47),
(48, 3, 48),
(49, 3, 49),
(50, 3, 50),
(51, 3, 51),
(52, 3, 52),
(53, 3, 53),
(54, 3, 54),
(55, 3, 55),
(56, 3, 56),
(57, 3, 57),
(58, 3, 58),
(59, 3, 59),
(60, 3, 60),
(61, 3, 61),
(62, 3, 62),
(63, 3, 63),
(64, 3, 64),
(65, 3, 65),
(66, 3, 66),
(67, 3, 67),
(68, 3, 68),
(69, 3, 69),
(70, 3, 70),
(71, 3, 71),
(72, 3, 72),
(73, 3, 73),
(74, 3, 74),
(75, 3, 75),
(76, 3, 76),
(77, 3, 77),
(78, 3, 78),
(79, 3, 79),
(80, 3, 80),
(81, 3, 81),
(82, 3, 82),
(83, 3, 83),
(84, 3, 84),
(85, 3, 85),
(86, 3, 86),
(87, 3, 87),
(88, 3, 88),
(89, 3, 89),
(90, 3, 90),
(91, 3, 91),
(92, 3, 92),
(93, 3, 93),
(94, 3, 94),
(95, 3, 95),
(96, 3, 96),
(97, 3, 97),
(98, 3, 98),
(99, 3, 99),
(100, 3, 100),
(101, 3, 101),
(102, 3, 102),
(103, 3, 103),
(104, 3, 104),
(105, 3, 105),
(106, 3, 106),
(107, 3, 107),
(108, 3, 108),
(109, 3, 109),
(110, 3, 110),
(111, 3, 111),
(112, 3, 112),
(113, 3, 113),
(114, 3, 114),
(115, 3, 115),
(116, 3, 116),
(117, 3, 117),
(118, 3, 118),
(119, 3, 119),
(120, 3, 120),
(121, 3, 121),
(122, 3, 122),
(123, 3, 123),
(124, 3, 124),
(125, 3, 125),
(126, 3, 126),
(127, 3, 127),
(128, 3, 128),
(129, 3, 129),
(130, 3, 130),
(131, 3, 131),
(132, 3, 132),
(133, 3, 133),
(134, 3, 134),
(135, 3, 135),
(136, 3, 136),
(137, 3, 137),
(138, 3, 138),
(139, 3, 139),
(140, 2, 1),
(141, 2, 2),
(142, 2, 3),
(143, 2, 4),
(144, 2, 5),
(145, 2, 6),
(146, 2, 7),
(147, 2, 8),
(148, 2, 9),
(149, 2, 10),
(150, 2, 11),
(151, 2, 12),
(152, 2, 13),
(153, 2, 14),
(154, 2, 15),
(155, 2, 16),
(156, 2, 17),
(157, 2, 18),
(158, 2, 19),
(159, 2, 20),
(160, 2, 21),
(161, 2, 22),
(162, 2, 23),
(163, 2, 24),
(164, 2, 25),
(165, 2, 26),
(166, 2, 27),
(167, 2, 28),
(168, 2, 29),
(169, 2, 30),
(170, 2, 31),
(171, 2, 32),
(172, 2, 33),
(173, 2, 34),
(174, 2, 35),
(175, 2, 36),
(176, 2, 37),
(177, 2, 38),
(178, 2, 39),
(179, 2, 40),
(180, 2, 41),
(181, 2, 42),
(182, 2, 43),
(183, 2, 44),
(184, 2, 45),
(185, 2, 46),
(186, 2, 47),
(187, 2, 48),
(188, 2, 49),
(189, 2, 50),
(190, 2, 51),
(191, 2, 52),
(192, 2, 53),
(193, 2, 54),
(194, 2, 55),
(195, 2, 56),
(196, 2, 57),
(197, 2, 58),
(198, 2, 59),
(199, 2, 60),
(200, 2, 61),
(201, 2, 62),
(202, 2, 63),
(203, 2, 64),
(204, 2, 65),
(205, 2, 66),
(206, 2, 67),
(207, 2, 68),
(208, 2, 69),
(209, 2, 70),
(210, 2, 71),
(211, 2, 72),
(212, 2, 73),
(213, 2, 74),
(214, 2, 75),
(215, 2, 76),
(216, 2, 77),
(217, 2, 78),
(218, 2, 79),
(219, 2, 80),
(220, 2, 81),
(221, 2, 82),
(222, 2, 83),
(223, 2, 84),
(224, 2, 85),
(225, 2, 86),
(226, 2, 87),
(227, 2, 88),
(228, 2, 89),
(229, 2, 90),
(230, 2, 91),
(231, 2, 92),
(232, 2, 93),
(233, 2, 94),
(234, 2, 95),
(235, 2, 96),
(236, 2, 97),
(237, 2, 98),
(238, 2, 99),
(239, 2, 100),
(240, 2, 101),
(241, 2, 102),
(242, 2, 103),
(243, 2, 104),
(244, 2, 105),
(245, 2, 106),
(246, 2, 107),
(247, 2, 108),
(248, 2, 109),
(249, 2, 110),
(250, 2, 111),
(251, 2, 112),
(252, 2, 113),
(253, 2, 114),
(254, 2, 115),
(255, 2, 116),
(256, 2, 117),
(257, 2, 118),
(258, 2, 119),
(259, 2, 120),
(260, 2, 121),
(261, 2, 122),
(262, 2, 123),
(263, 2, 124),
(264, 2, 125),
(265, 2, 126),
(266, 2, 127),
(267, 2, 128),
(268, 2, 129),
(269, 2, 130),
(270, 2, 131),
(271, 2, 132),
(272, 2, 133),
(273, 2, 134),
(274, 2, 135),
(275, 2, 136),
(276, 2, 137),
(277, 2, 138),
(278, 2, 139),
(279, 2, 140),
(280, 2, 141),
(281, 2, 142),
(282, 2, 143),
(283, 2, 144),
(284, 2, 145),
(285, 2, 146),
(286, 2, 147),
(287, 2, 148),
(288, 2, 149),
(289, 2, 150),
(290, 2, 151),
(291, 2, 152),
(292, 2, 153),
(293, 2, 154),
(294, 2, 155),
(295, 2, 156),
(296, 2, 157),
(297, 2, 158),
(298, 2, 159),
(299, 2, 160),
(300, 2, 161),
(301, 2, 162),
(302, 2, 163),
(303, 2, 164),
(304, 2, 165),
(305, 2, 166),
(306, 2, 167),
(307, 2, 168),
(308, 2, 169),
(309, 2, 170),
(310, 2, 171),
(311, 2, 172),
(312, 2, 173),
(313, 2, 174),
(314, 2, 175),
(315, 2, 176),
(316, 2, 177),
(317, 2, 178),
(318, 2, 179),
(319, 2, 180),
(320, 2, 181),
(321, 2, 182),
(322, 2, 183),
(323, 2, 184),
(324, 2, 185),
(325, 2, 186),
(326, 2, 187),
(327, 2, 188),
(328, 2, 189),
(329, 2, 190),
(330, 2, 191),
(331, 2, 192),
(332, 2, 193),
(333, 2, 194),
(334, 2, 195),
(335, 2, 196),
(336, 2, 197),
(337, 2, 198),
(338, 2, 199),
(339, 2, 200),
(340, 2, 201),
(341, 2, 202),
(342, 2, 203),
(343, 2, 204),
(344, 2, 205),
(345, 2, 206),
(346, 2, 207),
(347, 2, 208),
(348, 2, 209),
(349, 2, 210),
(350, 2, 211),
(351, 2, 212),
(352, 2, 213),
(353, 2, 214),
(354, 2, 215),
(355, 2, 216),
(356, 2, 217),
(357, 2, 218),
(358, 2, 219),
(359, 2, 220),
(360, 2, 221),
(361, 2, 222),
(362, 2, 223),
(363, 2, 224),
(364, 2, 225),
(365, 2, 226),
(366, 2, 227),
(367, 2, 228),
(368, 2, 229),
(369, 2, 230),
(370, 2, 231),
(371, 2, 232),
(372, 2, 233),
(373, 2, 234),
(374, 2, 235),
(375, 2, 236),
(376, 2, 237),
(377, 2, 238),
(378, 2, 239),
(379, 2, 240),
(380, 2, 241),
(381, 2, 242),
(382, 2, 243),
(383, 2, 244),
(384, 2, 245),
(385, 2, 246),
(386, 2, 247),
(387, 2, 248),
(388, 2, 249),
(389, 2, 250),
(390, 2, 251),
(391, 2, 252),
(392, 2, 253),
(393, 2, 254),
(394, 2, 255),
(395, 2, 256),
(396, 2, 257),
(397, 2, 258),
(398, 2, 259),
(399, 2, 260),
(400, 2, 261),
(401, 2, 262),
(402, 2, 263),
(403, 2, 264),
(404, 2, 265),
(405, 2, 266),
(406, 2, 267),
(407, 2, 268),
(408, 2, 269),
(409, 2, 270),
(410, 2, 271),
(411, 2, 272),
(412, 2, 273),
(413, 2, 274),
(414, 2, 275),
(415, 2, 276),
(416, 2, 277),
(417, 2, 278),
(418, 2, 279),
(419, 2, 280),
(420, 2, 281),
(421, 2, 282),
(422, 2, 283),
(423, 2, 284),
(424, 2, 285),
(425, 2, 286),
(426, 2, 287),
(427, 2, 288),
(428, 2, 289),
(429, 2, 290),
(430, 2, 291),
(431, 2, 292),
(432, 2, 293),
(433, 2, 294),
(434, 2, 295),
(435, 2, 296),
(436, 2, 297),
(437, 2, 298),
(438, 2, 299),
(439, 2, 300),
(440, 2, 301),
(441, 2, 302),
(442, 2, 303),
(443, 2, 304),
(444, 2, 305),
(445, 2, 306),
(446, 2, 307),
(447, 2, 308),
(448, 2, 309),
(449, 2, 310),
(450, 2, 311),
(451, 2, 312),
(452, 2, 313),
(453, 2, 314),
(454, 2, 315),
(455, 2, 316),
(456, 2, 317),
(457, 2, 318),
(458, 2, 319),
(459, 2, 320),
(460, 2, 321),
(461, 2, 322),
(462, 2, 323),
(463, 2, 324),
(464, 2, 325),
(465, 2, 326),
(466, 2, 327),
(467, 2, 328),
(468, 2, 329),
(469, 2, 330),
(470, 2, 331),
(471, 2, 332),
(472, 2, 333),
(473, 2, 334),
(474, 2, 335),
(475, 2, 336),
(476, 2, 337),
(477, 2, 338),
(478, 2, 339),
(479, 2, 340),
(480, 2, 341),
(481, 2, 342),
(482, 2, 343),
(483, 2, 344),
(484, 2, 345),
(485, 2, 346),
(486, 2, 347),
(487, 2, 348),
(488, 2, 349),
(489, 2, 350),
(490, 2, 351),
(491, 2, 352),
(492, 2, 353),
(493, 2, 354),
(494, 2, 355),
(495, 2, 356),
(496, 2, 357),
(497, 2, 358),
(498, 2, 359),
(499, 2, 360),
(500, 2, 361),
(501, 2, 362),
(502, 2, 363),
(503, 2, 364),
(504, 2, 365),
(505, 2, 366),
(506, 2, 367),
(507, 2, 368),
(508, 2, 369),
(509, 2, 370),
(510, 2, 371),
(511, 2, 372),
(512, 2, 373),
(513, 2, 374),
(514, 2, 375),
(515, 2, 376),
(516, 2, 377),
(517, 2, 378),
(518, 2, 379),
(519, 2, 380),
(520, 2, 381),
(521, 2, 382),
(522, 2, 383),
(523, 2, 384),
(524, 2, 385),
(525, 2, 386),
(526, 2, 387),
(527, 2, 388),
(528, 2, 389),
(529, 2, 390),
(530, 2, 391),
(531, 2, 392),
(532, 2, 393),
(533, 2, 394),
(534, 2, 395),
(535, 2, 396),
(536, 2, 397),
(537, 2, 398),
(538, 2, 399),
(539, 2, 400),
(540, 2, 401),
(541, 2, 402),
(542, 2, 403),
(543, 2, 404),
(544, 2, 405),
(545, 2, 406),
(546, 2, 407),
(547, 2, 408),
(548, 2, 409),
(549, 2, 410),
(550, 2, 411),
(551, 2, 412),
(552, 2, 413),
(553, 2, 414),
(554, 2, 415),
(555, 2, 416),
(556, 2, 417),
(557, 2, 418),
(558, 2, 419),
(559, 2, 420),
(560, 2, 421),
(561, 2, 422),
(562, 2, 423),
(563, 2, 424),
(564, 2, 425),
(565, 2, 426),
(566, 2, 427),
(567, 2, 428),
(568, 2, 429),
(569, 2, 430),
(570, 2, 431),
(571, 2, 432),
(572, 2, 433),
(573, 2, 434),
(574, 2, 435),
(575, 2, 436),
(576, 2, 437),
(577, 2, 438),
(578, 2, 439),
(579, 2, 440),
(580, 2, 441),
(581, 2, 442),
(582, 2, 443),
(583, 2, 444),
(584, 2, 445),
(585, 2, 446),
(586, 2, 447),
(587, 2, 448),
(588, 2, 449),
(589, 2, 450),
(590, 2, 451),
(591, 2, 452),
(592, 2, 453),
(593, 2, 454),
(594, 2, 455),
(595, 2, 456),
(596, 2, 457),
(597, 2, 458),
(598, 2, 459),
(599, 2, 460),
(600, 2, 461),
(601, 2, 462),
(602, 2, 463),
(603, 2, 464),
(604, 2, 465),
(605, 2, 466),
(606, 2, 467),
(607, 2, 468),
(608, 2, 469),
(609, 2, 470),
(610, 2, 471),
(611, 2, 472),
(612, 2, 473),
(613, 2, 474),
(614, 2, 475),
(615, 2, 476),
(616, 2, 477),
(617, 2, 478),
(618, 2, 479),
(619, 2, 480),
(620, 2, 481),
(621, 2, 482),
(622, 2, 483),
(623, 2, 484),
(624, 2, 485),
(625, 2, 486),
(626, 2, 487),
(627, 2, 488),
(628, 2, 489),
(629, 2, 490),
(630, 2, 491),
(631, 2, 492),
(632, 2, 493),
(633, 2, 494),
(634, 2, 495),
(635, 2, 496),
(636, 2, 497),
(637, 2, 498),
(638, 2, 499),
(639, 2, 500),
(640, 2, 501),
(641, 2, 502),
(642, 2, 503),
(643, 2, 504),
(644, 2, 505),
(645, 2, 506),
(646, 2, 507),
(647, 2, 508),
(648, 2, 509),
(649, 2, 510),
(650, 2, 511),
(651, 2, 512),
(652, 2, 513),
(653, 2, 514),
(654, 2, 515),
(655, 2, 516),
(656, 2, 517),
(657, 2, 518),
(658, 2, 519),
(659, 2, 520),
(660, 2, 521),
(661, 2, 522),
(662, 2, 523),
(663, 2, 524),
(664, 2, 525),
(665, 2, 526),
(666, 2, 527),
(667, 2, 528),
(668, 2, 529),
(669, 2, 530),
(670, 2, 531),
(671, 2, 532),
(672, 2, 533),
(673, 2, 534),
(674, 2, 535),
(675, 2, 536),
(676, 2, 537),
(677, 2, 538),
(678, 2, 539),
(679, 2, 540),
(680, 2, 541),
(681, 2, 542),
(682, 2, 543),
(683, 2, 544),
(684, 2, 545),
(685, 2, 546),
(686, 2, 547),
(687, 2, 548),
(688, 2, 549),
(689, 2, 550),
(690, 2, 551),
(691, 2, 552),
(692, 2, 553),
(693, 2, 554),
(694, 2, 555),
(695, 2, 556),
(696, 2, 557),
(697, 2, 558),
(698, 2, 559),
(699, 2, 560),
(700, 2, 561),
(701, 2, 562),
(702, 2, 563),
(703, 2, 564),
(704, 2, 565),
(705, 2, 566),
(706, 2, 567),
(707, 2, 568),
(708, 2, 569),
(709, 2, 570),
(710, 2, 571),
(711, 2, 572),
(712, 2, 573),
(713, 2, 574),
(714, 2, 575),
(715, 2, 576),
(716, 2, 577),
(717, 2, 578),
(718, 2, 579),
(719, 2, 580),
(720, 2, 581),
(721, 2, 582),
(722, 2, 583),
(723, 2, 584),
(724, 2, 585),
(725, 2, 586),
(726, 2, 587),
(727, 2, 588),
(728, 2, 589),
(729, 2, 590),
(730, 2, 591),
(731, 2, 592),
(732, 2, 593),
(733, 2, 594),
(734, 2, 595),
(735, 2, 596),
(736, 2, 597),
(737, 2, 598),
(738, 2, 599),
(739, 2, 600),
(740, 2, 601),
(741, 2, 602),
(742, 2, 603),
(743, 2, 604),
(744, 2, 605),
(745, 2, 606),
(746, 2, 607),
(747, 2, 608),
(748, 2, 609),
(749, 2, 610),
(750, 2, 611),
(751, 2, 612),
(752, 2, 613),
(753, 2, 614),
(754, 2, 615),
(755, 2, 616),
(756, 2, 617),
(757, 2, 618),
(758, 2, 619),
(759, 2, 620),
(760, 2, 621),
(761, 2, 622),
(762, 2, 623),
(763, 2, 624),
(764, 2, 625),
(765, 2, 626),
(766, 2, 627),
(767, 2, 628),
(768, 2, 629),
(769, 2, 630),
(770, 2, 631),
(771, 2, 632),
(772, 2, 633),
(773, 2, 634),
(774, 2, 635),
(775, 2, 636),
(776, 2, 637),
(777, 2, 638),
(778, 2, 639),
(779, 2, 640),
(780, 2, 641),
(781, 2, 642),
(782, 2, 643),
(783, 2, 644),
(784, 2, 645),
(785, 2, 646),
(786, 2, 647),
(787, 2, 648),
(788, 2, 649),
(789, 2, 650),
(790, 2, 651),
(791, 2, 652),
(792, 2, 653),
(793, 2, 654),
(794, 2, 655),
(795, 2, 656),
(796, 2, 657),
(797, 2, 658),
(798, 2, 659),
(799, 2, 660),
(800, 2, 661),
(801, 2, 662),
(802, 2, 663),
(803, 2, 664),
(804, 2, 665),
(805, 2, 666),
(806, 2, 667),
(807, 2, 668),
(808, 2, 669),
(809, 2, 670),
(810, 2, 671),
(811, 2, 672),
(812, 2, 673),
(813, 2, 674),
(814, 2, 675),
(815, 2, 676),
(816, 2, 677),
(817, 2, 678),
(818, 2, 679),
(819, 2, 680),
(820, 2, 681),
(821, 2, 682),
(822, 2, 683),
(823, 2, 684),
(824, 2, 685),
(825, 2, 686),
(826, 2, 687),
(827, 2, 688),
(828, 2, 689),
(829, 2, 690),
(830, 2, 691),
(831, 2, 692),
(832, 2, 693),
(833, 2, 694),
(834, 2, 695),
(835, 2, 696),
(836, 2, 697),
(837, 2, 698),
(838, 2, 699),
(839, 2, 700),
(840, 1, 1),
(841, 1, 2),
(842, 1, 3),
(843, 1, 4),
(844, 1, 5),
(845, 1, 6),
(846, 1, 7),
(847, 1, 8),
(848, 1, 9),
(849, 1, 10),
(850, 1, 11),
(851, 1, 12),
(852, 1, 13),
(853, 1, 14),
(854, 1, 15),
(855, 1, 16),
(856, 1, 17),
(857, 1, 18),
(858, 1, 19),
(859, 1, 20),
(860, 1, 21),
(861, 1, 22),
(862, 1, 23),
(863, 1, 24),
(864, 1, 25),
(865, 1, 26),
(866, 1, 27),
(867, 1, 28),
(868, 1, 29),
(869, 1, 30),
(870, 1, 31),
(871, 1, 32),
(872, 1, 33),
(873, 1, 34),
(874, 1, 35),
(875, 1, 36),
(876, 1, 37),
(877, 1, 38),
(878, 1, 39),
(879, 1, 40),
(880, 1, 41),
(881, 1, 42),
(882, 1, 43),
(883, 1, 44),
(884, 1, 45),
(885, 1, 46),
(886, 1, 47),
(887, 1, 48),
(888, 1, 49),
(889, 1, 50),
(890, 1, 51),
(891, 1, 52),
(892, 1, 53),
(893, 1, 54),
(894, 1, 55),
(895, 1, 56),
(896, 1, 57),
(897, 1, 58),
(898, 1, 59),
(899, 1, 60),
(900, 1, 61),
(901, 1, 62),
(902, 1, 63),
(903, 1, 64),
(904, 1, 65),
(905, 1, 66),
(906, 1, 67),
(907, 1, 68),
(908, 1, 69),
(909, 1, 70),
(910, 1, 71),
(911, 1, 72),
(912, 1, 73),
(913, 1, 74),
(914, 1, 75),
(915, 1, 76),
(916, 1, 77),
(917, 1, 78),
(918, 1, 79),
(919, 1, 80),
(920, 1, 81),
(921, 1, 82),
(922, 1, 83),
(923, 1, 84),
(924, 1, 85),
(925, 1, 86),
(926, 1, 87),
(927, 1, 88),
(928, 1, 89),
(929, 1, 90),
(930, 1, 91),
(931, 1, 92),
(932, 1, 93),
(933, 1, 94),
(934, 1, 95),
(935, 1, 96),
(936, 1, 97),
(937, 1, 98),
(938, 1, 99),
(939, 1, 100),
(940, 1, 101),
(941, 1, 102),
(942, 1, 103),
(943, 1, 104),
(944, 1, 105),
(945, 1, 106),
(946, 1, 107),
(947, 1, 108),
(948, 1, 109),
(949, 1, 110),
(950, 1, 111),
(951, 1, 112),
(952, 1, 113),
(953, 1, 114),
(954, 1, 115),
(955, 1, 116),
(956, 1, 117),
(957, 1, 118),
(958, 1, 119),
(959, 1, 120),
(960, 1, 121),
(961, 1, 122),
(962, 1, 123),
(963, 1, 124),
(964, 1, 125),
(965, 1, 126),
(966, 1, 127),
(967, 1, 128),
(968, 1, 129),
(969, 1, 130),
(970, 1, 131),
(971, 1, 132),
(972, 1, 133),
(973, 1, 134),
(974, 1, 135),
(975, 1, 136),
(976, 1, 137),
(977, 1, 138),
(978, 1, 139),
(979, 1, 140),
(980, 1, 141),
(981, 1, 142),
(982, 1, 143),
(983, 1, 144),
(984, 1, 145),
(985, 1, 146),
(986, 1, 147),
(987, 1, 148),
(988, 1, 149),
(989, 1, 150),
(990, 1, 151),
(991, 1, 152),
(992, 1, 153),
(993, 1, 154),
(994, 1, 155),
(995, 1, 156),
(996, 1, 157),
(997, 1, 158),
(998, 1, 159),
(999, 1, 160),
(1000, 1, 161),
(1001, 1, 162),
(1002, 1, 163),
(1003, 1, 164),
(1004, 1, 165),
(1005, 1, 166),
(1006, 1, 167),
(1007, 1, 168),
(1008, 1, 169),
(1009, 1, 170),
(1010, 1, 171),
(1011, 1, 172),
(1012, 1, 173),
(1013, 1, 174),
(1014, 1, 175),
(1015, 1, 176),
(1016, 1, 177),
(1017, 1, 178),
(1018, 1, 179),
(1019, 1, 180),
(1020, 1, 181),
(1021, 1, 182),
(1022, 1, 183),
(1023, 1, 184),
(1024, 1, 185),
(1025, 1, 186),
(1026, 1, 187),
(1027, 1, 188),
(1028, 1, 189),
(1029, 1, 190),
(1030, 1, 191),
(1031, 1, 192),
(1032, 1, 193),
(1033, 1, 194),
(1034, 1, 195),
(1035, 1, 196),
(1036, 1, 197),
(1037, 1, 198),
(1038, 1, 199),
(1039, 1, 200),
(1040, 1, 201),
(1041, 1, 202),
(1042, 1, 203),
(1043, 1, 204),
(1044, 1, 205),
(1045, 1, 206),
(1046, 1, 207),
(1047, 1, 208),
(1048, 1, 209),
(1049, 1, 210),
(1050, 1, 211),
(1051, 1, 212),
(1052, 1, 213),
(1053, 1, 214),
(1054, 1, 215),
(1055, 1, 216),
(1056, 1, 217),
(1057, 1, 218),
(1058, 1, 219),
(1059, 1, 220),
(1060, 1, 221),
(1061, 1, 222),
(1062, 1, 223),
(1063, 1, 224),
(1064, 1, 225),
(1065, 1, 226),
(1066, 1, 227),
(1067, 1, 228),
(1068, 1, 229),
(1069, 1, 230),
(1070, 1, 231),
(1071, 1, 232),
(1072, 1, 233),
(1073, 1, 234),
(1074, 1, 235),
(1075, 1, 236),
(1076, 1, 237),
(1077, 1, 238),
(1078, 1, 239),
(1079, 1, 240),
(1080, 1, 241),
(1081, 1, 242),
(1082, 1, 243),
(1083, 1, 244),
(1084, 1, 245),
(1085, 1, 246),
(1086, 1, 247),
(1087, 1, 248),
(1088, 1, 249),
(1089, 1, 250),
(1090, 1, 251),
(1091, 1, 252),
(1092, 1, 253),
(1093, 1, 254),
(1094, 1, 255),
(1095, 1, 256),
(1096, 1, 257),
(1097, 1, 258),
(1098, 1, 259),
(1099, 1, 260),
(1100, 1, 261),
(1101, 1, 262),
(1102, 1, 263),
(1103, 1, 264),
(1104, 1, 265),
(1105, 1, 266),
(1106, 1, 267),
(1107, 1, 268),
(1108, 1, 269),
(1109, 1, 270),
(1110, 1, 271),
(1111, 1, 272),
(1112, 1, 273),
(1113, 1, 274),
(1114, 1, 275),
(1115, 1, 276),
(1116, 1, 277),
(1117, 1, 278),
(1118, 1, 279),
(1119, 1, 280),
(1120, 1, 281),
(1121, 1, 282),
(1122, 1, 283),
(1123, 1, 284),
(1124, 1, 285),
(1125, 1, 286),
(1126, 1, 287),
(1127, 1, 288),
(1128, 1, 289),
(1129, 1, 290),
(1130, 1, 291),
(1131, 1, 292),
(1132, 1, 293),
(1133, 1, 294),
(1134, 1, 295),
(1135, 1, 296),
(1136, 1, 297),
(1137, 1, 298),
(1138, 1, 299),
(1139, 1, 300),
(1140, 1, 301),
(1141, 1, 302),
(1142, 1, 303),
(1143, 1, 304),
(1144, 1, 305),
(1145, 1, 306),
(1146, 1, 307),
(1147, 1, 308),
(1148, 1, 309),
(1149, 1, 310),
(1150, 1, 311),
(1151, 1, 312),
(1152, 1, 313),
(1153, 1, 314),
(1154, 1, 315),
(1155, 1, 316),
(1156, 1, 317),
(1157, 1, 318),
(1158, 1, 319),
(1159, 1, 320),
(1160, 1, 321),
(1161, 1, 322),
(1162, 1, 323),
(1163, 1, 324),
(1164, 1, 325),
(1165, 1, 326),
(1166, 1, 327),
(1167, 1, 328),
(1168, 1, 329),
(1169, 1, 330),
(1170, 1, 331),
(1171, 1, 332),
(1172, 1, 333),
(1173, 1, 334),
(1174, 1, 335),
(1175, 1, 336),
(1176, 1, 337),
(1177, 1, 338),
(1178, 1, 339),
(1179, 1, 340),
(1180, 1, 341),
(1181, 1, 342),
(1182, 1, 343),
(1183, 1, 344),
(1184, 1, 345),
(1185, 1, 346),
(1186, 1, 347),
(1187, 1, 348),
(1188, 1, 349),
(1189, 1, 350),
(1190, 1, 351),
(1191, 1, 352),
(1192, 1, 353),
(1193, 1, 354),
(1194, 1, 355),
(1195, 1, 356),
(1196, 1, 357),
(1197, 1, 358),
(1198, 1, 359),
(1199, 1, 360),
(1200, 1, 361),
(1201, 1, 362),
(1202, 1, 363),
(1203, 1, 364),
(1204, 1, 365),
(1205, 1, 366),
(1206, 1, 367),
(1207, 1, 368),
(1208, 1, 369),
(1209, 1, 370),
(1210, 1, 371),
(1211, 1, 372),
(1212, 1, 373),
(1213, 1, 374),
(1214, 1, 375),
(1215, 1, 376),
(1216, 1, 377),
(1217, 1, 378),
(1218, 1, 379),
(1219, 1, 380),
(1220, 1, 381),
(1221, 1, 382),
(1222, 1, 383),
(1223, 1, 384),
(1224, 1, 385),
(1225, 1, 386),
(1226, 1, 387),
(1227, 1, 388),
(1228, 1, 389),
(1229, 1, 390),
(1230, 1, 391),
(1231, 1, 392),
(1232, 1, 393),
(1233, 1, 394),
(1234, 1, 395),
(1235, 1, 396),
(1236, 1, 397),
(1237, 1, 398),
(1238, 1, 399),
(1239, 1, 400),
(1240, 1, 401),
(1241, 1, 402),
(1242, 1, 403),
(1243, 1, 404),
(1244, 1, 405),
(1245, 1, 406),
(1246, 1, 407),
(1247, 1, 408),
(1248, 1, 409),
(1249, 1, 410),
(1250, 1, 411),
(1251, 1, 412),
(1252, 1, 413),
(1253, 1, 414),
(1254, 1, 415),
(1255, 1, 416),
(1256, 1, 417),
(1257, 1, 418),
(1258, 1, 419),
(1259, 1, 420),
(1260, 1, 421),
(1261, 1, 422),
(1262, 1, 423),
(1263, 1, 424),
(1264, 1, 425),
(1265, 1, 426),
(1266, 1, 427),
(1267, 1, 428),
(1268, 1, 429),
(1269, 1, 430),
(1270, 1, 431),
(1271, 1, 432),
(1272, 1, 433),
(1273, 1, 434),
(1274, 1, 435),
(1275, 1, 436),
(1276, 1, 437),
(1277, 1, 438),
(1278, 1, 439),
(1279, 1, 440),
(1280, 1, 441),
(1281, 1, 442),
(1282, 1, 443),
(1283, 1, 444),
(1284, 1, 445),
(1285, 1, 446),
(1286, 1, 447),
(1287, 1, 448),
(1288, 1, 449),
(1289, 1, 450),
(1290, 1, 451),
(1291, 1, 452),
(1292, 1, 453),
(1293, 1, 454),
(1294, 1, 455),
(1295, 1, 456),
(1296, 1, 457),
(1297, 1, 458),
(1298, 1, 459),
(1299, 1, 460),
(1300, 1, 461),
(1301, 1, 462),
(1302, 1, 463),
(1303, 1, 464),
(1304, 1, 465),
(1305, 1, 466),
(1306, 1, 467),
(1307, 1, 468),
(1308, 1, 469),
(1309, 1, 470),
(1310, 1, 471),
(1311, 1, 472),
(1312, 1, 473),
(1313, 1, 474),
(1314, 1, 475),
(1315, 1, 476),
(1316, 1, 477),
(1317, 1, 478),
(1318, 1, 479),
(1319, 1, 480),
(1320, 1, 481),
(1321, 1, 482),
(1322, 1, 483),
(1323, 1, 484),
(1324, 1, 485),
(1325, 1, 486),
(1326, 1, 487),
(1327, 1, 488),
(1328, 1, 489),
(1329, 1, 490),
(1330, 1, 491),
(1331, 1, 492),
(1332, 1, 493),
(1333, 1, 494),
(1334, 1, 495),
(1335, 1, 496),
(1336, 1, 497),
(1337, 1, 498),
(1338, 1, 499),
(1339, 1, 500),
(1340, 1, 501),
(1341, 1, 502),
(1342, 1, 503),
(1343, 1, 504),
(1344, 1, 505),
(1345, 1, 506),
(1346, 1, 507),
(1347, 1, 508),
(1348, 1, 509),
(1349, 1, 510),
(1350, 1, 511),
(1351, 1, 512),
(1352, 1, 513),
(1353, 1, 514),
(1354, 1, 515),
(1355, 1, 516),
(1356, 1, 517),
(1357, 1, 518),
(1358, 1, 519),
(1359, 1, 520),
(1360, 1, 521),
(1361, 1, 522),
(1362, 1, 523),
(1363, 1, 524),
(1364, 1, 525),
(1365, 1, 526),
(1366, 1, 527),
(1367, 1, 528),
(1368, 1, 529),
(1369, 1, 530),
(1370, 1, 531),
(1371, 1, 532),
(1372, 1, 533),
(1373, 1, 534),
(1374, 1, 535),
(1375, 1, 536),
(1376, 1, 537),
(1377, 1, 538),
(1378, 1, 539),
(1379, 1, 540),
(1380, 1, 541),
(1381, 1, 542),
(1382, 1, 543),
(1383, 1, 544),
(1384, 1, 545),
(1385, 1, 546),
(1386, 1, 547),
(1387, 1, 548),
(1388, 1, 549),
(1389, 1, 550),
(1390, 1, 551),
(1391, 1, 552),
(1392, 1, 553),
(1393, 1, 554),
(1394, 1, 555),
(1395, 1, 556),
(1396, 1, 557),
(1397, 1, 558),
(1398, 1, 559),
(1399, 1, 560),
(1400, 1, 561),
(1401, 1, 562),
(1402, 1, 563),
(1403, 1, 564),
(1404, 1, 565),
(1405, 1, 566),
(1406, 1, 567),
(1407, 1, 568),
(1408, 1, 569),
(1409, 1, 570),
(1410, 1, 571),
(1411, 1, 572),
(1412, 1, 573),
(1413, 1, 574),
(1414, 1, 575),
(1415, 1, 576),
(1416, 1, 577),
(1417, 1, 578),
(1418, 1, 579),
(1419, 1, 580),
(1420, 1, 581),
(1421, 1, 582),
(1422, 1, 583),
(1423, 1, 584),
(1424, 1, 585),
(1425, 1, 586),
(1426, 1, 587),
(1427, 1, 588),
(1428, 1, 589),
(1429, 1, 590),
(1430, 1, 591),
(1431, 1, 592),
(1432, 1, 593),
(1433, 1, 594),
(1434, 1, 595),
(1435, 1, 596),
(1436, 1, 597),
(1437, 1, 598),
(1438, 1, 599),
(1439, 1, 600),
(1440, 1, 601),
(1441, 1, 602),
(1442, 1, 603),
(1443, 1, 604),
(1444, 1, 605),
(1445, 1, 606),
(1446, 1, 607),
(1447, 1, 608),
(1448, 1, 609),
(1449, 1, 610),
(1450, 1, 611),
(1451, 1, 612),
(1452, 1, 613),
(1453, 1, 614),
(1454, 1, 615),
(1455, 1, 616),
(1456, 1, 617),
(1457, 1, 618),
(1458, 1, 619),
(1459, 1, 620),
(1460, 1, 621),
(1461, 1, 622),
(1462, 1, 623),
(1463, 1, 624),
(1464, 1, 625),
(1465, 1, 626),
(1466, 1, 627),
(1467, 1, 628),
(1468, 1, 629),
(1469, 1, 630),
(1470, 1, 631),
(1471, 1, 632),
(1472, 1, 633),
(1473, 1, 634),
(1474, 1, 635),
(1475, 1, 636),
(1476, 1, 637),
(1477, 1, 638),
(1478, 1, 639),
(1479, 1, 640),
(1480, 1, 641),
(1481, 1, 642),
(1482, 1, 643),
(1483, 1, 644),
(1484, 1, 645),
(1485, 1, 646),
(1486, 1, 647),
(1487, 1, 648),
(1488, 1, 649),
(1489, 1, 650),
(1490, 1, 651),
(1491, 1, 652),
(1492, 1, 653),
(1493, 1, 654),
(1494, 1, 655),
(1495, 1, 656),
(1496, 1, 657),
(1497, 1, 658),
(1498, 1, 659),
(1499, 1, 660),
(1500, 1, 661),
(1501, 1, 662),
(1502, 1, 663),
(1503, 1, 664),
(1504, 1, 665),
(1505, 1, 666),
(1506, 1, 667),
(1507, 1, 668),
(1508, 1, 669),
(1509, 1, 670),
(1510, 1, 671),
(1511, 1, 672),
(1512, 1, 673),
(1513, 1, 674),
(1514, 1, 675),
(1515, 1, 676),
(1516, 1, 677),
(1517, 1, 678),
(1518, 1, 679),
(1519, 1, 680),
(1520, 1, 681),
(1521, 1, 682),
(1522, 1, 683),
(1523, 1, 684),
(1524, 1, 685),
(1525, 1, 686),
(1526, 1, 687),
(1527, 1, 688),
(1528, 1, 689),
(1529, 1, 690),
(1530, 1, 691),
(1531, 1, 692),
(1532, 1, 693),
(1533, 1, 694),
(1534, 1, 695),
(1535, 1, 696),
(1536, 1, 697),
(1537, 1, 698),
(1538, 1, 699),
(1539, 1, 700),
(1540, 1, 701),
(1541, 1, 702),
(1542, 1, 703),
(1543, 1, 704),
(1544, 1, 705),
(1545, 1, 706),
(1546, 1, 707),
(1547, 1, 708),
(1548, 1, 709),
(1549, 1, 710),
(1550, 1, 711),
(1551, 1, 712),
(1552, 1, 713),
(1553, 1, 714),
(1554, 1, 715),
(1555, 1, 716),
(1556, 1, 717),
(1557, 1, 718),
(1558, 1, 719),
(1559, 1, 720),
(1560, 1, 721),
(1561, 1, 722),
(1562, 1, 723),
(1563, 1, 724),
(1564, 1, 725),
(1565, 1, 726),
(1566, 1, 727),
(1567, 1, 728),
(1568, 1, 729),
(1569, 1, 730),
(1570, 1, 731),
(1571, 1, 732),
(1572, 1, 733),
(1573, 1, 734),
(1574, 1, 735),
(1575, 1, 736),
(1576, 1, 737),
(1577, 1, 738),
(1578, 1, 739),
(1579, 1, 740),
(1580, 1, 741),
(1581, 1, 742),
(1582, 1, 743),
(1583, 1, 744),
(1584, 1, 745),
(1585, 1, 746),
(1586, 1, 747),
(1587, 1, 748),
(1588, 1, 749),
(1589, 1, 750),
(1590, 1, 751),
(1591, 1, 752),
(1592, 1, 753),
(1593, 1, 754),
(1594, 1, 755),
(1595, 1, 756),
(1596, 1, 757),
(1597, 1, 758),
(1598, 1, 759),
(1599, 1, 760),
(1600, 1, 761),
(1601, 1, 762),
(1602, 1, 763),
(1603, 1, 764),
(1604, 1, 765),
(1605, 1, 766),
(1606, 1, 767),
(1607, 1, 768),
(1608, 1, 769),
(1609, 1, 770),
(1610, 1, 771),
(1611, 1, 772),
(1612, 1, 773),
(1613, 1, 774),
(1614, 1, 775),
(1615, 1, 776),
(1616, 1, 777),
(1617, 1, 778),
(1618, 1, 779),
(1619, 1, 780),
(1620, 1, 781),
(1621, 1, 782),
(1622, 1, 783),
(1623, 1, 784),
(1624, 1, 785),
(1625, 1, 786),
(1626, 1, 787),
(1627, 1, 788),
(1628, 1, 789),
(1629, 1, 790),
(1630, 1, 791),
(1631, 1, 792),
(1632, 1, 793),
(1633, 1, 794),
(1634, 1, 795),
(1635, 1, 796),
(1636, 1, 797),
(1637, 1, 798),
(1638, 1, 799),
(1639, 1, 800),
(1640, 1, 801),
(1641, 1, 802),
(1642, 1, 803),
(1643, 1, 804),
(1644, 1, 805),
(1645, 1, 806),
(1646, 1, 807),
(1647, 1, 808),
(1648, 1, 809),
(1649, 1, 810),
(1650, 1, 811),
(1651, 1, 812),
(1652, 1, 813),
(1653, 1, 814),
(1654, 1, 815),
(1655, 1, 816),
(1656, 1, 817),
(1657, 1, 818),
(1658, 1, 819),
(1659, 1, 820),
(1660, 1, 821),
(1661, 1, 822),
(1662, 1, 823),
(1663, 1, 824),
(1664, 1, 825),
(1665, 1, 826),
(1666, 1, 827),
(1667, 1, 828),
(1668, 1, 829),
(1669, 1, 830),
(1670, 1, 831),
(1671, 1, 832),
(1672, 1, 833),
(1673, 1, 834),
(1674, 1, 835),
(1675, 1, 836),
(1676, 1, 837),
(1677, 1, 838),
(1678, 1, 839),
(1679, 1, 840),
(1680, 1, 841),
(1681, 1, 842),
(1682, 1, 843),
(1683, 1, 844),
(1684, 1, 845),
(1685, 1, 846),
(1686, 1, 847),
(1687, 1, 848),
(1688, 1, 849),
(1689, 1, 850),
(1690, 1, 851),
(1691, 1, 852),
(1692, 1, 853),
(1693, 1, 854),
(1694, 1, 855),
(1695, 1, 856),
(1696, 1, 857),
(1697, 1, 858),
(1698, 1, 859),
(1699, 1, 860),
(1700, 1, 861),
(1701, 1, 862),
(1702, 1, 863),
(1703, 1, 864),
(1704, 1, 865),
(1705, 1, 866),
(1706, 1, 867),
(1707, 1, 868),
(1708, 1, 869),
(1709, 1, 870),
(1710, 1, 871),
(1711, 1, 872),
(1712, 1, 873),
(1713, 1, 874),
(1714, 1, 875),
(1715, 1, 876),
(1716, 1, 877),
(1717, 1, 878),
(1718, 1, 879),
(1719, 1, 880),
(1720, 1, 881),
(1721, 1, 882),
(1722, 1, 883),
(1723, 1, 884),
(1724, 1, 885),
(1725, 1, 886),
(1726, 1, 887),
(1727, 1, 888),
(1728, 1, 889),
(1729, 1, 890),
(1730, 1, 891),
(1731, 1, 892),
(1732, 1, 893),
(1733, 1, 894),
(1734, 1, 895),
(1735, 1, 896),
(1736, 1, 897),
(1737, 1, 898),
(1738, 1, 899),
(1739, 1, 900),
(1740, 1, 901),
(1741, 1, 902),
(1742, 1, 903),
(1743, 1, 904),
(1744, 1, 905),
(1745, 1, 906),
(1746, 1, 907),
(1747, 1, 908),
(1748, 1, 909),
(1749, 1, 910),
(1750, 1, 911),
(1751, 1, 912),
(1752, 1, 913),
(1753, 1, 914),
(1754, 1, 915),
(1755, 1, 916),
(1756, 1, 917),
(1757, 1, 918),
(1758, 1, 919),
(1759, 1, 920),
(1760, 1, 921),
(1761, 1, 922),
(1762, 1, 923),
(1763, 1, 924),
(1764, 1, 925),
(1765, 1, 926),
(1766, 1, 927),
(1767, 1, 928),
(1768, 1, 929),
(1769, 1, 930),
(1770, 1, 931),
(1771, 1, 932),
(1772, 1, 933),
(1773, 1, 934),
(1774, 1, 935),
(1775, 1, 936),
(1776, 1, 937),
(1777, 1, 938),
(1778, 1, 939),
(1779, 1, 940),
(1780, 1, 941),
(1781, 1, 942),
(1782, 1, 943),
(1783, 1, 944),
(1784, 1, 945),
(1785, 1, 946),
(1786, 1, 947),
(1787, 1, 948),
(1788, 1, 949),
(1789, 1, 950),
(1790, 1, 951),
(1791, 1, 952),
(1792, 1, 953),
(1793, 1, 954),
(1794, 1, 955),
(1795, 1, 956),
(1796, 1, 957),
(1797, 1, 958),
(1798, 1, 959),
(1799, 1, 960),
(1800, 1, 961),
(1801, 1, 962),
(1802, 1, 963),
(1803, 1, 964),
(1804, 1, 965),
(1805, 1, 966),
(1806, 1, 967),
(1807, 1, 968),
(1808, 1, 969),
(1809, 1, 970),
(1810, 1, 971),
(1811, 1, 972),
(1812, 1, 973),
(1813, 1, 974),
(1814, 1, 975),
(1815, 1, 976),
(1816, 1, 977),
(1817, 1, 978),
(1818, 1, 979),
(1819, 1, 980),
(1820, 1, 981),
(1821, 1, 982),
(1822, 1, 983),
(1823, 1, 984),
(1824, 1, 985),
(1825, 1, 986),
(1826, 1, 987),
(1827, 1, 988),
(1828, 1, 989),
(1829, 1, 990),
(1830, 1, 991),
(1831, 1, 992),
(1832, 1, 993),
(1833, 1, 994),
(1834, 1, 995),
(1835, 1, 996),
(1836, 1, 997),
(1837, 1, 998),
(1838, 1, 999),
(1839, 1, 1000),
(1840, 1, 1001),
(1841, 1, 1002),
(1842, 1, 1003),
(1843, 1, 1004),
(1844, 1, 1005),
(1845, 1, 1006),
(1846, 1, 1007),
(1847, 1, 1008),
(1848, 1, 1009),
(1849, 1, 1010),
(1850, 1, 1011),
(1851, 1, 1012),
(1852, 1, 1013),
(1853, 1, 1014),
(1854, 1, 1015),
(1855, 1, 1016),
(1856, 1, 1017),
(1857, 1, 1018),
(1858, 1, 1019),
(1859, 1, 1020),
(1860, 1, 1021),
(1861, 1, 1022),
(1862, 1, 1023),
(1863, 1, 1024),
(1864, 1, 1025),
(1865, 1, 1026),
(1866, 1, 1027),
(1867, 1, 1028),
(1868, 1, 1029),
(1869, 1, 1030),
(1870, 1, 1031),
(1871, 1, 1032),
(1872, 1, 1033),
(1873, 1, 1034),
(1874, 1, 1035),
(1875, 1, 1036),
(1876, 1, 1037),
(1877, 1, 1038),
(1878, 1, 1039),
(1879, 1, 1040),
(1880, 1, 1041),
(1881, 1, 1042),
(1882, 1, 1043),
(1883, 1, 1044),
(1884, 1, 1045),
(1885, 1, 1046),
(1886, 1, 1047),
(1887, 1, 1048),
(1888, 1, 1049),
(1889, 1, 1050),
(1890, 1, 1051),
(1891, 1, 1052),
(1892, 1, 1053),
(1893, 1, 1054),
(1894, 1, 1055),
(1895, 1, 1056),
(1896, 1, 1057),
(1897, 1, 1058),
(1898, 1, 1059),
(1899, 1, 1060),
(1900, 1, 1061),
(1901, 1, 1062),
(1902, 1, 1063),
(1903, 1, 1064),
(1904, 1, 1065),
(1905, 1, 1066),
(1906, 1, 1067),
(1907, 1, 1068),
(1908, 1, 1069),
(1909, 1, 1070),
(1910, 1, 1071),
(1911, 1, 1072),
(1912, 1, 1073),
(1913, 1, 1074),
(1914, 1, 1075),
(1915, 1, 1076),
(1916, 1, 1077),
(1917, 1, 1078),
(1918, 1, 1079),
(1919, 1, 1080),
(1920, 1, 1081),
(1921, 1, 1082),
(1922, 1, 1083),
(1923, 1, 1084),
(1924, 1, 1085),
(1925, 1, 1086),
(1926, 1, 1087),
(1927, 1, 1088),
(1928, 1, 1089),
(1929, 1, 1090),
(1930, 1, 1091),
(1931, 1, 1092),
(1932, 1, 1093),
(1933, 1, 1094),
(1934, 1, 1095),
(1935, 1, 1096),
(1936, 1, 1097),
(1937, 1, 1098),
(1938, 1, 1099),
(1939, 1, 1100),
(1940, 1, 1101),
(1941, 1, 1102),
(1942, 1, 1103),
(1943, 1, 1104),
(1944, 1, 1105),
(1945, 1, 1106),
(1946, 1, 1107),
(1947, 1, 1108),
(1948, 1, 1109),
(1949, 1, 1110),
(1950, 1, 1111),
(1951, 1, 1112),
(1952, 1, 1113),
(1953, 1, 1114),
(1954, 1, 1115),
(1955, 1, 1116),
(1956, 1, 1117),
(1957, 1, 1118),
(1958, 1, 1119),
(1959, 1, 1120),
(1960, 1, 1121),
(1961, 1, 1122),
(1962, 1, 1123),
(1963, 1, 1124),
(1964, 1, 1125),
(1965, 1, 1126),
(1966, 1, 1127),
(1967, 1, 1128),
(1968, 1, 1129),
(1969, 1, 1130),
(1970, 1, 1131),
(1971, 1, 1132),
(1972, 1, 1133),
(1973, 1, 1134),
(1974, 1, 1135),
(1975, 1, 1136),
(1976, 1, 1137),
(1977, 1, 1138),
(1978, 1, 1139),
(1979, 1, 1140),
(1980, 1, 1141),
(1981, 1, 1142),
(1982, 1, 1143),
(1983, 1, 1144),
(1984, 1, 1145),
(1985, 1, 1146),
(1986, 1, 1147),
(1987, 1, 1148),
(1988, 1, 1149),
(1989, 1, 1150),
(1990, 1, 1151),
(1991, 1, 1152),
(1992, 1, 1153),
(1993, 1, 1154);

-- --------------------------------------------------------

--
-- Structure de la table `commentaire`
--

CREATE TABLE `commentaire` (
  `id_commentaire` int(11) NOT NULL,
  `id_manga` int(11) NOT NULL,
  `num_utilisateur` int(11) NOT NULL,
  `contenu` text NOT NULL,
  `date_commentaire` datetime DEFAULT current_timestamp()
) ENGINE=MyISAM DEFAULT CHARSET=utf8mb4 COLLATE=utf8mb4_general_ci;

--
-- Déchargement des données de la table `commentaire`
--

INSERT INTO `commentaire` (`id_commentaire`, `id_manga`, `num_utilisateur`, `contenu`, `date_commentaire`) VALUES
(1, 1, 1, 'Une aventure captivante du début à la fin.', '2025-07-13 03:11:55'),
(2, 1, 2, 'Les combats sont parmi les meilleurs que j’ai vus.', '2025-07-13 03:11:55'),
(3, 1, 3, 'J’adore l’humour décalé de certains personnages.', '2025-07-13 03:11:55'),
(4, 1, 4, 'L’univers est vaste et passionnant.', '2025-07-13 03:11:55'),
(5, 1, 1, 'J’ai pleuré à l’arc Marineford, chef-d’œuvre.', '2025-07-13 03:11:55'),
(6, 1, 2, 'Trop d’épisodes filler dans l’anime mais le manga reste top.', '2025-07-13 03:11:55'),
(7, 1, 3, 'Le Gear 5 est une super idée.', '2025-07-13 03:11:55'),
(8, 1, 4, 'Zoro est clairement le meilleur perso.', '2025-07-13 03:11:55'),
(9, 2, 1, 'L’arc Pain m’a retourné le cerveau.', '2025-07-13 03:11:55'),
(10, 2, 2, 'Sasuke est un personnage complexe mais intéressant.', '2025-07-13 03:11:55'),
(11, 2, 3, 'La fin est un peu rapide mais satisfaisante.', '2025-07-13 03:11:55'),
(12, 2, 4, 'J’aime beaucoup l’ambiance des premiers chapitres.', '2025-07-13 03:11:55'),
(13, 2, 1, 'Les musiques de l’anime ajoutent beaucoup d’émotion.', '2025-07-13 03:11:55'),
(14, 2, 2, 'Naruto adulte est moins charismatique je trouve.', '2025-07-13 03:11:55'),
(15, 2, 3, 'L’amitié Naruto-Sasuke est très bien développée.', '2025-07-13 03:11:55'),
(16, 2, 4, 'Le monde ninja est super bien construit.', '2025-07-13 03:11:55'),
(17, 3, 1, 'Une série intense et bouleversante.', '2025-07-13 03:11:55'),
(18, 3, 2, 'La fin m’a laissé sans voix.', '2025-07-13 03:11:55'),
(19, 3, 3, 'Beaucoup de rebondissements inattendus.', '2025-07-13 03:11:55'),
(20, 3, 4, 'Le style graphique évolue bien au fil du temps.', '2025-07-13 03:11:55'),
(21, 3, 1, 'Armin est mon personnage préféré.', '2025-07-13 03:11:55'),
(22, 3, 2, 'Le retournement de situation sur les murs est dingue.', '2025-07-13 03:11:55'),
(23, 3, 3, 'Chaque révélation change complètement la perspective.', '2025-07-13 03:11:55'),
(24, 3, 4, 'Un manga qui fait réfléchir sur la guerre.', '2025-07-13 03:11:55'),
(25, 1, 1, 'Le début est lent mais ça devient fou rapidement.', '2025-07-13 03:11:55'),
(26, 2, 2, 'J’ai lu ça enfant et je ne m’en suis jamais remis.', '2025-07-13 03:11:55'),
(27, 3, 3, 'Un chef-d’œuvre sombre et poignant.', '2025-07-13 03:11:55'),
(28, 1, 4, 'Je le relis régulièrement, c’est un classique.', '2025-07-13 03:11:55'),
(29, 2, 3, 'Les valeurs de travail et persévérance sont top.', '2025-07-13 03:11:55'),
(30, 3, 2, 'Un manga unique, une vraie perle.', '2025-07-13 03:11:55');

-- --------------------------------------------------------

--
-- Structure de la table `editeur`
--

CREATE TABLE `editeur` (
  `id_editeur` int(11) NOT NULL,
  `nom_editeur` varchar(150) NOT NULL
) ENGINE=MyISAM DEFAULT CHARSET=utf8mb4 COLLATE=utf8mb4_general_ci;

--
-- Déchargement des données de la table `editeur`
--

INSERT INTO `editeur` (`id_editeur`, `nom_editeur`) VALUES
(1, 'Shueisha'),
(2, 'Kodansha'),
(3, 'Kadokawa'),
(4, 'Hakusensha');

-- --------------------------------------------------------

--
-- Structure de la table `genre`
--

CREATE TABLE `genre` (
  `id_genre` int(11) NOT NULL,
  `libelle_genre` varchar(100) NOT NULL
) ENGINE=MyISAM DEFAULT CHARSET=utf8mb4 COLLATE=utf8mb4_general_ci;

--
-- Déchargement des données de la table `genre`
--

INSERT INTO `genre` (`id_genre`, `libelle_genre`) VALUES
(1, 'Fantasy'),
(2, 'Horreur'),
(3, 'Comédie'),
(4, 'Science-fiction'),
(5, 'Drame');

-- --------------------------------------------------------

--
-- Structure de la table `image_manga`
--

CREATE TABLE `image_manga` (
  `id_image` int(11) NOT NULL,
  `id_manga` int(11) NOT NULL,
  `url_image` varchar(255) NOT NULL,
  `description_image` varchar(255) DEFAULT NULL
) ENGINE=MyISAM DEFAULT CHARSET=utf8mb4 COLLATE=utf8mb4_general_ci;

--
-- Déchargement des données de la table `image_manga`
--

INSERT INTO `image_manga` (`id_image`, `id_manga`, `url_image`, `description_image`) VALUES
(1, 1, 'images/onepiece1.jpg', 'Affiche principale'),
(2, 1, 'images/onepiece2.jpg', 'Luffy en Gear 5'),
(3, 1, 'images/onepiece3.jpg', 'Mugiwara réunis'),
(4, 1, 'images/onepiece4.jpg', 'Carte du monde'),
(5, 2, 'images/naruto1.jpg', 'Naruto jeune'),
(6, 2, 'images/naruto2.jpg', 'Naruto adulte'),
(7, 2, 'images/naruto3.jpg', 'Sasuke & Naruto'),
(8, 2, 'images/naruto4.jpg', 'Kurama'),
(9, 3, 'images/aot1.jpg', 'Eren et le Titan colossal'),
(10, 3, 'images/aot2.jpg', 'Mikasa en combat'),
(11, 3, 'images/aot3.jpg', 'Les murs'),
(12, 3, 'images/aot4.jpg', 'Bataille de Shiganshina');

-- --------------------------------------------------------

--
-- Structure de la table `lecture`
--

CREATE TABLE `lecture` (
  `id_lecture` int(11) NOT NULL,
  `num_utilisateur` int(11) NOT NULL,
  `id_manga` int(11) NOT NULL,
  `id_chapitre` int(11) NOT NULL,
  `id_statut_lecture` int(11) NOT NULL,
  `date_lecture` datetime DEFAULT current_timestamp()
) ENGINE=MyISAM DEFAULT CHARSET=utf8mb4 COLLATE=utf8mb4_general_ci;

--
-- Déchargement des données de la table `lecture`
--

INSERT INTO `lecture` (`id_lecture`, `num_utilisateur`, `id_manga`, `id_chapitre`, `id_statut_lecture`, `date_lecture`) VALUES
(1, 1, 1, 1, 1, '2025-06-10 10:00:00'),
(2, 1, 1, 2, 1, '2025-06-11 11:00:00'),
(3, 1, 1, 3, 1, '2025-06-12 12:00:00'),
(4, 1, 2, 4, 1, '2025-06-13 13:00:00'),
(5, 1, 2, 5, 2, '2025-06-14 14:00:00'),
(6, 1, 3, 6, 1, '2025-06-15 15:00:00'),
(7, 1, 3, 7, 2, '2025-06-16 16:00:00'),
(8, 2, 2, 4, 1, '2025-06-17 10:00:00'),
(9, 2, 2, 5, 1, '2025-06-18 11:00:00'),
(10, 2, 1, 849, 2, '2025-07-13 11:56:58'),
(11, 3, 3, 6, 1, '2025-06-20 13:00:00'),
(12, 3, 3, 7, 2, '2025-06-21 14:00:00'),
(13, 4, 1, 3, 1, '2025-06-22 15:00:00'),
(14, 4, 2, 5, 2, '2025-06-23 16:00:00'),
(15, 2, 3, 138, 1, '2025-07-14 00:38:13');

-- --------------------------------------------------------

--
-- Structure de la table `manga`
--

CREATE TABLE `manga` (
  `id_manga` int(11) NOT NULL,
  `titre` varchar(255) NOT NULL,
  `synopsis` text DEFAULT NULL,
  `date_debut_publication` date NOT NULL,
  `date_fin_publication` date DEFAULT NULL,
  `nb_chapitres_parus` int(11) DEFAULT NULL,
  `nb_volumes_parus` int(11) DEFAULT NULL,
  `id_statut_manga` int(11) NOT NULL,
  `id_editeur` int(11) NOT NULL,
  `id_auteur` int(11) NOT NULL,
  `id_genre` int(11) NOT NULL,
  `id_type_manga` int(11) NOT NULL
) ENGINE=MyISAM DEFAULT CHARSET=utf8mb4 COLLATE=utf8mb4_general_ci;

--
-- Déchargement des données de la table `manga`
--

INSERT INTO `manga` (`id_manga`, `titre`, `synopsis`, `date_debut_publication`, `date_fin_publication`, `nb_chapitres_parus`, `nb_volumes_parus`, `id_statut_manga`, `id_editeur`, `id_auteur`, `id_genre`, `id_type_manga`) VALUES
(1, 'One Piece', 'Luffy veut devenir roi des pirates', '1997-07-22', NULL, 1115, 108, 1, 1, 1, 1, 1),
(2, 'Naruto', 'Un ninja cherche à être reconnu', '1999-09-21', '2014-11-10', 700, 72, 2, 1, 2, 1, 1),
(3, 'L\'Attaque des Titans', 'L\'humanité lutte contre les Titans', '2009-09-09', '2021-04-09', 139, 34, 2, 2, 3, 2, 3);

-- --------------------------------------------------------

--
-- Structure de la table `statut_lecture`
--

CREATE TABLE `statut_lecture` (
  `id_statut_lecture` int(11) NOT NULL,
  `libelle_statut_lecture` varchar(50) NOT NULL
) ENGINE=MyISAM DEFAULT CHARSET=utf8mb4 COLLATE=utf8mb4_general_ci;

--
-- Déchargement des données de la table `statut_lecture`
--

INSERT INTO `statut_lecture` (`id_statut_lecture`, `libelle_statut_lecture`) VALUES
(1, 'en cours'),
(2, 'lu');

-- --------------------------------------------------------

--
-- Structure de la table `statut_manga`
--

CREATE TABLE `statut_manga` (
  `id_statut_manga` int(11) NOT NULL,
  `libelle_statut_manga` varchar(50) NOT NULL
) ENGINE=MyISAM DEFAULT CHARSET=utf8mb4 COLLATE=utf8mb4_general_ci;

--
-- Déchargement des données de la table `statut_manga`
--

INSERT INTO `statut_manga` (`id_statut_manga`, `libelle_statut_manga`) VALUES
(1, 'en cours'),
(2, 'fini');

-- --------------------------------------------------------

--
-- Structure de la table `type_manga`
--

CREATE TABLE `type_manga` (
  `id_type_manga` int(11) NOT NULL,
  `libelle_type_manga` varchar(100) NOT NULL
) ENGINE=MyISAM DEFAULT CHARSET=utf8mb4 COLLATE=utf8mb4_general_ci;

--
-- Déchargement des données de la table `type_manga`
--

INSERT INTO `type_manga` (`id_type_manga`, `libelle_type_manga`) VALUES
(1, 'Shonen'),
(2, 'Shojo'),
(3, 'Seinen'),
(4, 'Isekai'),
(5, 'Josei');

-- --------------------------------------------------------

--
-- Structure de la table `type_utilisateur`
--

CREATE TABLE `type_utilisateur` (
  `id_type_utilisateur` int(11) NOT NULL,
  `libelle_type_utilisateur` varchar(100) NOT NULL
) ENGINE=MyISAM DEFAULT CHARSET=utf8mb4 COLLATE=utf8mb4_general_ci;

--
-- Déchargement des données de la table `type_utilisateur`
--

INSERT INTO `type_utilisateur` (`id_type_utilisateur`, `libelle_type_utilisateur`) VALUES
(1, 'Admin'),
(2, 'Visiteur');

-- --------------------------------------------------------

--
-- Structure de la table `utilisateur`
--

CREATE TABLE `utilisateur` (
  `num_utilisateur` int(11) NOT NULL,
  `identifiant` varchar(100) NOT NULL,
  `mot_de_passe` varchar(255) NOT NULL,
  `email` varchar(191) DEFAULT NULL,
  `id_type_utilisateur` int(11) NOT NULL
) ENGINE=MyISAM DEFAULT CHARSET=utf8mb4 COLLATE=utf8mb4_general_ci;

--
-- Déchargement des données de la table `utilisateur`
--

INSERT INTO `utilisateur` (`num_utilisateur`, `identifiant`, `mot_de_passe`, `email`, `id_type_utilisateur`) VALUES
(1, 'admin', 'secureAdminPass', 'admin@site.com', 1),
(2, 'user1', 'password123', 'user1@gmail.com', 2),
(3, 'user2', 'pass45678', 'user2@hotmail.com', 2),
(4, 'user3', 'superpass', 'user3@yahoo.com', 2);

--
-- Index pour les tables déchargées
--

--
-- Index pour la table `auteur`
--
ALTER TABLE `auteur`
  ADD PRIMARY KEY (`id_auteur`);

--
-- Index pour la table `catalogue_utilisateur`
--
ALTER TABLE `catalogue_utilisateur`
  ADD PRIMARY KEY (`num_utilisateur`,`id_manga`),
  ADD KEY `id_manga` (`id_manga`);

--
-- Index pour la table `chapitre`
--
ALTER TABLE `chapitre`
  ADD PRIMARY KEY (`id_chapitre`),
  ADD KEY `id_manga` (`id_manga`);

--
-- Index pour la table `commentaire`
--
ALTER TABLE `commentaire`
  ADD PRIMARY KEY (`id_commentaire`),
  ADD KEY `fk_commentaire_utilisateur` (`num_utilisateur`),
  ADD KEY `fk_commentaire_manga` (`id_manga`);

--
-- Index pour la table `editeur`
--
ALTER TABLE `editeur`
  ADD PRIMARY KEY (`id_editeur`);

--
-- Index pour la table `genre`
--
ALTER TABLE `genre`
  ADD PRIMARY KEY (`id_genre`);

--
-- Index pour la table `image_manga`
--
ALTER TABLE `image_manga`
  ADD PRIMARY KEY (`id_image`),
  ADD KEY `id_manga` (`id_manga`);

--
-- Index pour la table `lecture`
--
ALTER TABLE `lecture`
  ADD PRIMARY KEY (`id_lecture`),
  ADD KEY `num_utilisateur` (`num_utilisateur`),
  ADD KEY `id_manga` (`id_manga`),
  ADD KEY `id_chapitre` (`id_chapitre`),
  ADD KEY `id_statut_lecture` (`id_statut_lecture`);

--
-- Index pour la table `manga`
--
ALTER TABLE `manga`
  ADD PRIMARY KEY (`id_manga`),
  ADD KEY `id_statut_manga` (`id_statut_manga`),
  ADD KEY `id_editeur` (`id_editeur`),
  ADD KEY `id_auteur` (`id_auteur`),
  ADD KEY `id_genre` (`id_genre`),
  ADD KEY `id_type_manga` (`id_type_manga`);

--
-- Index pour la table `statut_lecture`
--
ALTER TABLE `statut_lecture`
  ADD PRIMARY KEY (`id_statut_lecture`);

--
-- Index pour la table `statut_manga`
--
ALTER TABLE `statut_manga`
  ADD PRIMARY KEY (`id_statut_manga`);

--
-- Index pour la table `type_manga`
--
ALTER TABLE `type_manga`
  ADD PRIMARY KEY (`id_type_manga`);

--
-- Index pour la table `type_utilisateur`
--
ALTER TABLE `type_utilisateur`
  ADD PRIMARY KEY (`id_type_utilisateur`);

--
-- Index pour la table `utilisateur`
--
ALTER TABLE `utilisateur`
  ADD PRIMARY KEY (`num_utilisateur`),
  ADD UNIQUE KEY `email` (`email`),
  ADD KEY `id_type_utilisateur` (`id_type_utilisateur`);

--
-- AUTO_INCREMENT pour les tables déchargées
--

--
-- AUTO_INCREMENT pour la table `auteur`
--
ALTER TABLE `auteur`
  MODIFY `id_auteur` int(11) NOT NULL AUTO_INCREMENT, AUTO_INCREMENT=4;

--
-- AUTO_INCREMENT pour la table `chapitre`
--
ALTER TABLE `chapitre`
  MODIFY `id_chapitre` int(11) NOT NULL AUTO_INCREMENT, AUTO_INCREMENT=1994;

--
-- AUTO_INCREMENT pour la table `commentaire`
--
ALTER TABLE `commentaire`
  MODIFY `id_commentaire` int(11) NOT NULL AUTO_INCREMENT, AUTO_INCREMENT=31;

--
-- AUTO_INCREMENT pour la table `editeur`
--
ALTER TABLE `editeur`
  MODIFY `id_editeur` int(11) NOT NULL AUTO_INCREMENT, AUTO_INCREMENT=5;

--
-- AUTO_INCREMENT pour la table `genre`
--
ALTER TABLE `genre`
  MODIFY `id_genre` int(11) NOT NULL AUTO_INCREMENT, AUTO_INCREMENT=6;

--
-- AUTO_INCREMENT pour la table `image_manga`
--
ALTER TABLE `image_manga`
  MODIFY `id_image` int(11) NOT NULL AUTO_INCREMENT, AUTO_INCREMENT=13;

--
-- AUTO_INCREMENT pour la table `lecture`
--
ALTER TABLE `lecture`
  MODIFY `id_lecture` int(11) NOT NULL AUTO_INCREMENT, AUTO_INCREMENT=16;

--
-- AUTO_INCREMENT pour la table `manga`
--
ALTER TABLE `manga`
  MODIFY `id_manga` int(11) NOT NULL AUTO_INCREMENT, AUTO_INCREMENT=4;

--
-- AUTO_INCREMENT pour la table `statut_lecture`
--
ALTER TABLE `statut_lecture`
  MODIFY `id_statut_lecture` int(11) NOT NULL AUTO_INCREMENT, AUTO_INCREMENT=3;

--
-- AUTO_INCREMENT pour la table `statut_manga`
--
ALTER TABLE `statut_manga`
  MODIFY `id_statut_manga` int(11) NOT NULL AUTO_INCREMENT, AUTO_INCREMENT=3;

--
-- AUTO_INCREMENT pour la table `type_manga`
--
ALTER TABLE `type_manga`
  MODIFY `id_type_manga` int(11) NOT NULL AUTO_INCREMENT, AUTO_INCREMENT=6;

--
-- AUTO_INCREMENT pour la table `type_utilisateur`
--
ALTER TABLE `type_utilisateur`
  MODIFY `id_type_utilisateur` int(11) NOT NULL AUTO_INCREMENT, AUTO_INCREMENT=3;

--
-- AUTO_INCREMENT pour la table `utilisateur`
--
ALTER TABLE `utilisateur`
  MODIFY `num_utilisateur` int(11) NOT NULL AUTO_INCREMENT, AUTO_INCREMENT=5;
COMMIT;

/*!40101 SET CHARACTER_SET_CLIENT=@OLD_CHARACTER_SET_CLIENT */;
/*!40101 SET CHARACTER_SET_RESULTS=@OLD_CHARACTER_SET_RESULTS */;
/*!40101 SET COLLATION_CONNECTION=@OLD_COLLATION_CONNECTION */;
